dz_2021_code,type,white,asian,black,mixed,other
N20000360,NI data zone,402,0,0,0,1
N20000384,NI data zone,610,21,14,5,0
N20000392,NI data zone,516,13,0,7,0
N20000421,NI data zone,710,0,0,1,0
N20000422,NI data zone,793,0,1,2,0
N20000423,NI data zone,771,6,0,1,0
N20000424,NI data zone,789,1,2,0,2
N20000425,NI data zone,311,1,0,5,1
N20000426,NI data zone,550,0,0,0,0
N20000427,NI data zone,581,7,1,2,1
N20000428,NI data zone,839,5,2,6,2
N20000429,NI data zone,362,1,0,2,3
N20000430,NI data zone,440,3,8,3,0
N20000431,NI data zone,500,6,2,5,7
N20000432,NI data zone,555,1,7,5,6
N20000433,NI data zone,642,52,11,14,0
N20000434,NI data zone,507,17,26,7,56
N20000435,NI data zone,660,21,9,7,2
N20000436,NI data zone,455,12,7,5,2
N20000437,NI data zone,351,7,9,0,1
N20000438,NI data zone,324,32,3,0,4
N20000439,NI data zone,418,2,3,2,32
N20000440,NI data zone,371,2,22,7,4
N20000441,NI data zone,419,2,13,2,12
N20000442,NI data zone,444,6,9,0,12
N20000443,NI data zone,408,25,1,8,1
N20000444,NI data zone,351,16,31,8,2
N20000445,NI data zone,460,12,12,14,22
N20000446,NI data zone,599,52,7,9,0
N20000447,NI data zone,467,22,11,19,0
N20000448,NI data zone,566,3,0,4,9
N20000449,NI data zone,380,7,7,6,10
N20000450,NI data zone,283,16,7,7,0
N20000451,NI data zone,657,54,5,7,0
N20000452,NI data zone,404,15,0,3,0
N20000453,NI data zone,570,8,2,18,3
N20000454,NI data zone,314,5,0,1,2
N20000455,NI data zone,435,16,4,2,0
N20000456,NI data zone,380,35,1,6,0
N20000457,NI data zone,546,48,15,8,2
N20000458,NI data zone,393,8,1,1,1
N20000459,NI data zone,395,10,7,4,1
N20000460,NI data zone,620,68,2,19,0
N20000461,NI data zone,604,43,0,7,2
N20000462,NI data zone,466,14,3,6,0
N20000463,NI data zone,401,6,0,6,2
N20000464,NI data zone,485,32,3,3,0
N20000465,NI data zone,241,0,0,0,0
N20000466,NI data zone,486,3,11,4,0
N20000467,NI data zone,468,16,1,0,0
N20000468,NI data zone,438,12,3,7,0
N20000469,NI data zone,561,7,1,3,1
N20000470,NI data zone,438,20,0,7,1
N20000471,NI data zone,591,36,0,4,0
N20000472,NI data zone,559,40,1,9,2
N20000473,NI data zone,444,17,1,3,0
N20000474,NI data zone,702,21,0,1,1
N20000475,NI data zone,633,12,0,3,0
N20000477,NI data zone,562,3,1,0,0
N20000478,NI data zone,605,2,0,9,2
N20000479,NI data zone,379,0,0,3,0
N20000480,NI data zone,473,0,0,0,5
N20000481,NI data zone,661,0,0,0,0
N20000482,NI data zone,771,1,1,4,0
N20000483,NI data zone,678,0,0,4,0
N20000484,NI data zone,550,0,0,1,1
N20000485,NI data zone,632,0,0,0,0
N20000486,NI data zone,572,0,1,0,1
N20000487,NI data zone,540,0,0,0,0
N20000488,NI data zone,538,3,0,2,1
N20000489,NI data zone,440,1,0,1,0
N20000490,NI data zone,773,0,1,9,1
N20000491,NI data zone,429,5,0,3,0
N20000492,NI data zone,522,6,1,1,0
N20000493,NI data zone,587,0,3,0,0
N20000494,NI data zone,600,5,0,10,0
N20000495,NI data zone,646,0,0,4,0
N20000496,NI data zone,648,2,4,7,8
N20000497,NI data zone,459,1,3,4,0
N20000498,NI data zone,419,16,5,10,41
N20000499,NI data zone,554,0,0,0,2
N20000500,NI data zone,361,18,3,7,9
N20000501,NI data zone,543,3,0,2,0
N20000502,NI data zone,443,1,0,4,0
N20000503,NI data zone,405,0,1,0,1
N20000504,NI data zone,302,9,9,7,29
N20000505,NI data zone,325,12,2,2,4
N20000506,NI data zone,439,13,16,14,21
N20000507,NI data zone,644,4,5,6,1
N20000508,NI data zone,373,2,1,8,4
N20000509,NI data zone,315,12,1,1,5
N20000510,NI data zone,592,25,0,1,1
N20000511,NI data zone,529,0,0,6,0
N20000512,NI data zone,450,24,8,6,26
N20000513,NI data zone,371,1,6,4,2
N20000514,NI data zone,452,18,10,7,0
N20000515,NI data zone,499,4,5,15,1
N20000516,NI data zone,457,7,0,1,8
N20000517,NI data zone,483,6,0,4,0
N20000518,NI data zone,448,9,0,3,0
N20000519,NI data zone,280,17,4,6,8
N20000520,NI data zone,655,18,0,5,0
N20000521,NI data zone,655,4,5,1,10
N20000522,NI data zone,478,1,1,9,9
N20000523,NI data zone,418,10,6,4,12
N20000524,NI data zone,485,24,0,3,11
N20000525,NI data zone,389,11,5,5,0
N20000526,NI data zone,319,6,0,4,11
N20000527,NI data zone,477,24,7,5,14
N20000528,NI data zone,401,11,0,5,0
N20000529,NI data zone,445,12,0,0,2
N20000530,NI data zone,465,3,0,8,2
N20000531,NI data zone,400,0,1,5,3
N20000532,NI data zone,256,0,0,1,3
N20000533,NI data zone,324,5,1,7,0
N20000534,NI data zone,378,3,1,7,0
N20000535,NI data zone,460,9,5,8,0
N20000536,NI data zone,820,11,8,7,5
N20000537,NI data zone,474,16,5,1,1
N20000538,NI data zone,649,4,7,23,6
N20000539,NI data zone,429,2,0,0,1
N20000540,NI data zone,433,4,4,7,5
N20000541,NI data zone,486,0,0,0,0
N20000542,NI data zone,481,8,0,4,1
N20000543,NI data zone,500,0,0,5,2
N20000544,NI data zone,530,5,0,5,0
N20000545,NI data zone,443,2,0,5,0
N20000546,NI data zone,294,1,1,1,0
N20000547,NI data zone,537,4,3,4,0
N20000548,NI data zone,473,4,0,5,6
N20000549,NI data zone,620,6,2,4,6
N20000550,NI data zone,484,9,0,6,0
N20000551,NI data zone,613,3,0,6,2
N20000552,NI data zone,614,4,0,4,2
N20000553,NI data zone,699,4,0,6,2
N20000554,NI data zone,474,0,1,0,2
N20000555,NI data zone,507,2,0,4,0
N20000556,NI data zone,316,4,0,0,1
N20000557,NI data zone,424,13,0,3,0
N20000558,NI data zone,708,4,0,3,0
N20000559,NI data zone,451,11,0,0,0
N20000560,NI data zone,321,1,0,0,0
N20000561,NI data zone,771,1,1,2,1
N20000562,NI data zone,435,0,0,0,0
N20000563,NI data zone,687,5,1,7,1
N20000564,NI data zone,552,1,1,5,1
N20000565,NI data zone,558,0,4,10,0
N20000566,NI data zone,490,0,1,4,3
N20000567,NI data zone,681,1,0,2,0
N20000568,NI data zone,531,1,0,3,0
N20000569,NI data zone,678,2,0,3,1
N20000570,NI data zone,423,6,0,5,0
N20000571,NI data zone,610,4,4,1,0
N20000572,NI data zone,726,7,0,0,0
N20000573,NI data zone,712,5,0,6,3
N20000574,NI data zone,713,8,0,6,0
N20000575,NI data zone,587,0,1,4,2
N20000576,NI data zone,597,0,0,0,0
N20000577,NI data zone,483,1,0,3,1
N20000578,NI data zone,599,2,0,2,0
N20000579,NI data zone,604,1,0,3,0
N20000580,NI data zone,782,2,2,8,1
N20000581,NI data zone,415,0,0,6,0
N20000582,NI data zone,637,2,0,11,0
N20000583,NI data zone,517,0,0,0,0
N20000584,NI data zone,664,0,4,9,8
N20000585,NI data zone,469,1,0,5,4
N20000586,NI data zone,546,0,0,0,0
N20000587,NI data zone,734,8,0,0,4
N20000588,NI data zone,553,2,0,1,0
N20000589,NI data zone,453,2,0,0,2
N20000590,NI data zone,450,0,1,2,1
N20000591,NI data zone,448,0,2,1,0
N20000592,NI data zone,653,1,0,0,0
N20000593,NI data zone,606,0,0,2,0
N20000594,NI data zone,408,1,0,0,0
N20000595,NI data zone,602,3,1,6,3
N20000596,NI data zone,453,0,1,0,0
N20000597,NI data zone,327,2,0,2,5
N20000598,NI data zone,478,1,6,1,10
N20000599,NI data zone,482,1,0,7,1
N20000600,NI data zone,541,1,0,0,0
N20000601,NI data zone,431,2,5,6,0
N20000602,NI data zone,465,3,0,5,0
N20000603,NI data zone,594,11,0,0,0
N20000604,NI data zone,297,3,0,2,0
N20000605,NI data zone,391,0,0,0,0
N20000606,NI data zone,399,0,1,0,0
N20000607,NI data zone,298,0,3,3,1
N20000608,NI data zone,432,5,0,12,0
N20000609,NI data zone,616,15,0,1,0
N20000610,NI data zone,524,6,6,6,0
N20000611,NI data zone,402,4,2,2,1
N20000612,NI data zone,433,18,0,1,3
N20000613,NI data zone,322,1,2,1,2
N20000614,NI data zone,782,0,0,1,0
N20000615,NI data zone,372,10,5,6,19
N20000616,NI data zone,327,9,5,0,2
N20000617,NI data zone,326,2,1,1,0
N20000618,NI data zone,397,13,2,1,7
N20000619,NI data zone,378,0,2,0,10
N20000620,NI data zone,587,9,7,3,6
N20000621,NI data zone,797,0,0,8,0
N20000622,NI data zone,459,1,0,0,0
N20000623,NI data zone,510,5,1,8,6
N20000624,NI data zone,277,16,0,5,0
N20000625,NI data zone,479,17,3,8,21
N20000626,NI data zone,459,3,1,1,0
N20000627,NI data zone,519,3,0,2,0
N20000628,NI data zone,451,10,0,2,2
N20000629,NI data zone,474,0,0,0,0
N20000630,NI data zone,384,13,0,5,0
N20000631,NI data zone,366,8,0,3,0
N20000632,NI data zone,423,1,2,4,0
N20000633,NI data zone,396,1,6,3,0
N20000634,NI data zone,386,4,2,3,0
N20000635,NI data zone,634,6,2,5,0
N20000636,NI data zone,557,3,1,5,3
N20000637,NI data zone,561,9,0,4,0
N20000638,NI data zone,475,6,0,0,0
N20000639,NI data zone,526,0,0,4,0
N20000640,NI data zone,717,1,0,3,0
N20000641,NI data zone,706,15,0,6,1
N20000642,NI data zone,412,1,0,7,0
N20000643,NI data zone,521,1,0,3,1
N20000645,NI data zone,652,1,0,4,0
N20000646,NI data zone,549,4,0,4,0
N20000648,NI data zone,601,1,1,2,0
N20000649,NI data zone,766,6,2,3,0
N20000650,NI data zone,383,1,3,2,1
N20000651,NI data zone,756,2,0,4,0
N20000652,NI data zone,574,0,1,4,1
N20000653,NI data zone,687,0,1,0,0
N20000655,NI data zone,433,0,0,2,1
N20000656,NI data zone,302,0,0,0,0
N20000657,NI data zone,663,0,0,3,0
N20000658,NI data zone,504,1,0,0,0
N20000659,NI data zone,413,4,0,0,1
N20000660,NI data zone,557,8,11,1,0
N20000661,NI data zone,551,9,1,3,0
N20000662,NI data zone,459,1,0,0,2
N20000663,NI data zone,458,0,7,4,0
N20000766,NI data zone,285,0,33,3,4
N20000769,NI data zone,419,13,34,8,10
N20000771,NI data zone,389,2,5,8,13
N20000772,NI data zone,195,12,14,0,0
N20000773,NI data zone,413,1,9,5,0
N20000774,NI data zone,212,2,9,2,1
N20000777,NI data zone,217,0,2,3,3
N20000778,NI data zone,240,0,3,10,1
N20000779,NI data zone,316,10,10,8,1
N20000780,NI data zone,154,2,7,0,0
N20000781,NI data zone,409,9,0,1,0
N20000782,NI data zone,392,1,8,0,0
N20000783,NI data zone,534,9,21,13,4
N20000784,NI data zone,369,5,6,2,1
N20000785,NI data zone,462,0,0,7,1
N20000786,NI data zone,246,5,20,3,2
N20000825,NI data zone,282,21,9,7,1
N20000844,NI data zone,500,12,0,7,1
N20000847,NI data zone,268,14,17,4,10
N20000850,NI data zone,257,2,14,5,4
N20000851,NI data zone,453,2,8,4,0
N20000852,NI data zone,401,0,30,9,0
N20000853,NI data zone,481,9,39,3,0
N20000854,NI data zone,207,102,6,9,6
N20000855,NI data zone,1145,283,30,26,13
N20000856,NI data zone,432,2,7,1,1
N20000857,NI data zone,371,176,3,13,5
N20000858,NI data zone,414,6,5,3,4
N20000859,NI data zone,352,11,3,8,1
N20000860,NI data zone,478,8,0,4,1
N20000861,NI data zone,399,6,2,2,3
N20000862,NI data zone,450,9,4,7,0
N20000863,NI data zone,312,2,0,5,0
N20000864,NI data zone,187,1,0,1,3
N20000865,NI data zone,372,9,0,13,1
N20000866,NI data zone,349,27,8,16,0
N20000867,NI data zone,363,3,3,24,0
N20000868,NI data zone,335,1,6,32,1
N20000869,NI data zone,370,6,0,12,0
N20000870,NI data zone,400,7,0,0,0
N20000871,NI data zone,386,7,3,6,0
N20000872,NI data zone,424,14,3,12,8
N20000873,NI data zone,317,0,5,6,0
N20000874,NI data zone,304,0,5,3,0
N20000875,NI data zone,439,12,1,4,1
N20000876,NI data zone,239,8,0,8,1
N20000877,NI data zone,500,13,6,7,2
N20000878,NI data zone,304,33,6,5,1
N20000879,NI data zone,253,7,0,5,0
N20000880,NI data zone,398,10,0,8,3
N20000881,NI data zone,437,22,3,5,0
N20000882,NI data zone,263,217,3,13,5
N20000883,NI data zone,351,16,6,0,0
N20000884,NI data zone,278,3,12,9,2
N20000885,NI data zone,359,15,3,12,0
N20000886,NI data zone,443,2,1,9,0
N20000887,NI data zone,624,4,3,4,2
N20000888,NI data zone,472,32,3,11,5
N20000889,NI data zone,275,0,0,5,0
N20000890,NI data zone,454,19,1,4,1
N20000891,NI data zone,330,17,12,12,0
N20000892,NI data zone,485,4,24,4,6
N20000893,NI data zone,469,20,13,12,3
N20000894,NI data zone,537,6,4,0,1
N20000895,NI data zone,212,9,1,6,5
N20000896,NI data zone,699,11,9,10,0
N20000897,NI data zone,402,4,0,0,5
N20000898,NI data zone,251,4,7,7,1
N20000899,NI data zone,384,6,22,25,7
N20000900,NI data zone,328,4,13,13,0
N20000901,NI data zone,333,12,2,4,6
N20000902,NI data zone,592,13,0,0,1
N20000903,NI data zone,412,4,8,4,0
N20000904,NI data zone,480,14,9,10,2
N20000905,NI data zone,358,29,10,10,1
N20000906,NI data zone,202,1,6,7,0
N20000907,NI data zone,361,8,20,11,3
N20000908,NI data zone,359,33,12,20,6
N20000909,NI data zone,688,1,0,4,0
N20000910,NI data zone,360,12,4,6,3
N20000911,NI data zone,262,4,6,3,1
N20000912,NI data zone,306,8,19,10,5
N20000913,NI data zone,293,0,13,10,3
N20000914,NI data zone,315,3,8,13,3
N20000915,NI data zone,270,2,1,5,0
N20000916,NI data zone,353,26,20,3,0
N20000917,NI data zone,415,7,2,7,4
N20000918,NI data zone,310,8,15,1,0
N20000919,NI data zone,404,5,2,9,1
N20000920,NI data zone,308,10,5,3,0
N20000921,NI data zone,298,1,5,5,0
N20000922,NI data zone,385,12,17,3,2
N20000923,NI data zone,348,6,0,11,7
N20000924,NI data zone,383,37,40,7,19
N20000925,NI data zone,207,15,11,5,0
N20000926,NI data zone,306,9,4,0,2
N20000927,NI data zone,554,9,14,8,0
N20000928,NI data zone,274,1,21,8,0
N20000929,NI data zone,305,8,1,5,1
N20000930,NI data zone,223,3,1,8,2
N20000931,NI data zone,441,18,29,14,7
N20000932,NI data zone,329,7,13,0,3
N20000933,NI data zone,371,9,11,4,3
N20000934,NI data zone,429,5,23,13,17
N20000935,NI data zone,445,1,2,0,0
N20000936,NI data zone,474,15,20,10,0
N20000937,NI data zone,447,15,5,4,0
N20000938,NI data zone,280,16,0,6,4
N20000939,NI data zone,325,4,10,9,1
N20000940,NI data zone,290,18,10,6,0
N20000941,NI data zone,595,14,0,18,2
N20000942,NI data zone,381,10,29,7,1
N20000943,NI data zone,310,15,18,3,21
N20000944,NI data zone,320,24,16,2,1
N20000945,NI data zone,360,18,4,3,0
N20000946,NI data zone,304,5,3,6,4
N20000947,NI data zone,353,16,0,5,0
N20000948,NI data zone,371,2,7,1,1
N20000949,NI data zone,562,7,5,5,0
N20000950,NI data zone,426,48,0,11,0
N20000951,NI data zone,284,0,1,2,0
N20000952,NI data zone,431,0,0,5,3
N20000953,NI data zone,564,5,0,4,0
N20000954,NI data zone,331,3,1,1,0
N20000955,NI data zone,394,0,0,0,0
N20000956,NI data zone,799,21,0,8,0
N20000957,NI data zone,428,7,5,3,0
N20000958,NI data zone,652,12,0,0,2
N20000959,NI data zone,496,2,0,0,0
N20000960,NI data zone,516,11,0,11,0
N20000961,NI data zone,448,3,2,1,0
N20000962,NI data zone,647,8,0,2,1
N20000963,NI data zone,322,7,1,3,1
N20000964,NI data zone,381,4,2,0,2
N20000965,NI data zone,502,14,1,8,4
N20000966,NI data zone,388,20,3,10,3
N20000967,NI data zone,404,71,6,5,9
N20000968,NI data zone,512,18,1,0,1
N20000969,NI data zone,568,14,0,12,1
N20000970,NI data zone,499,5,0,14,1
N20000971,NI data zone,520,8,1,7,0
N20000972,NI data zone,183,17,2,0,1
N20000973,NI data zone,312,10,7,0,0
N20000974,NI data zone,435,0,0,1,1
N20000975,NI data zone,573,19,0,3,0
N20000976,NI data zone,446,33,5,11,4
N20000977,NI data zone,391,29,1,2,1
N20000978,NI data zone,354,12,0,8,0
N20000979,NI data zone,514,15,0,7,0
N20000980,NI data zone,485,35,3,0,0
N20000981,NI data zone,470,1,0,6,0
N20000982,NI data zone,604,4,0,10,3
N20000983,NI data zone,581,9,2,4,1
N20000984,NI data zone,536,16,1,4,0
N20000985,NI data zone,275,5,0,6,0
N20000986,NI data zone,327,1,2,0,0
N20000987,NI data zone,473,12,0,6,1
N20000988,NI data zone,686,0,7,6,1
N20000989,NI data zone,430,8,1,0,0
N20000990,NI data zone,372,0,3,5,1
N20000991,NI data zone,349,0,5,0,1
N20000992,NI data zone,395,0,0,0,0
N20000993,NI data zone,530,10,1,4,0
N20000994,NI data zone,548,18,0,4,0
N20000995,NI data zone,753,14,0,13,0
N20000996,NI data zone,422,8,1,1,0
N20000997,NI data zone,641,3,2,13,2
N20000998,NI data zone,360,0,0,9,0
N20000999,NI data zone,267,5,1,0,0
N20001000,NI data zone,350,3,1,5,0
N20001001,NI data zone,459,1,1,4,0
N20001002,NI data zone,258,0,4,0,0
N20001003,NI data zone,331,0,0,0,6
N20001004,NI data zone,455,1,0,2,2
N20001005,NI data zone,536,1,0,0,0
N20001006,NI data zone,646,0,0,4,3
N20001007,NI data zone,756,5,4,4,0
N20001008,NI data zone,551,0,2,11,0
N20001009,NI data zone,418,8,1,3,0
N20001010,NI data zone,432,3,0,4,0
N20001011,NI data zone,561,0,0,7,0
N20001012,NI data zone,286,0,0,5,0
N20001013,NI data zone,538,5,0,5,0
N20001014,NI data zone,495,4,0,0,3
N20001015,NI data zone,593,7,7,5,0
N20001016,NI data zone,610,32,0,6,7
N20001017,NI data zone,313,0,3,4,0
N20001018,NI data zone,235,3,8,4,0
N20001019,NI data zone,492,3,2,5,7
N20001020,NI data zone,627,3,0,4,0
N20001021,NI data zone,426,8,3,18,0
N20001022,NI data zone,430,8,0,17,1
N20001023,NI data zone,415,15,10,7,1
N20001024,NI data zone,553,10,2,9,4
N20001025,NI data zone,260,5,1,0,0
N20001026,NI data zone,378,5,15,12,2
N20001027,NI data zone,330,16,7,6,5
N20001028,NI data zone,519,1,4,9,4
N20001029,NI data zone,327,2,3,0,5
N20001030,NI data zone,337,7,0,4,0
N20001031,NI data zone,315,7,1,3,0
N20001032,NI data zone,297,4,4,5,8
N20001033,NI data zone,519,12,2,10,1
N20001034,NI data zone,545,14,0,1,0
N20001035,NI data zone,556,6,1,5,0
N20001036,NI data zone,397,1,0,6,0
N20001037,NI data zone,460,6,0,0,0
N20001038,NI data zone,515,18,3,9,0
N20001039,NI data zone,542,11,0,9,0
N20001040,NI data zone,613,3,0,4,0
N20001041,NI data zone,548,11,0,3,0
N20001042,NI data zone,472,4,0,0,1
N20001043,NI data zone,255,1,5,3,1
N20001044,NI data zone,392,2,8,3,6
N20001045,NI data zone,366,17,0,4,0
N20001046,NI data zone,747,20,7,7,0
N20001047,NI data zone,532,13,0,9,0
N20001048,NI data zone,294,10,0,0,0
N20001049,NI data zone,355,4,1,0,0
N20001050,NI data zone,539,33,4,8,0
N20001051,NI data zone,416,15,5,4,0
N20001052,NI data zone,408,11,0,10,0
N20001053,NI data zone,713,15,6,15,0
N20001054,NI data zone,463,11,0,6,3
N20001055,NI data zone,302,1,2,0,0
N20001056,NI data zone,590,13,0,10,0
N20001057,NI data zone,325,1,0,7,0
N20001058,NI data zone,541,5,1,7,0
N20001059,NI data zone,391,41,9,8,1
N20001060,NI data zone,412,15,0,10,0
N20001061,NI data zone,472,40,47,11,6
N20001062,NI data zone,281,5,0,3,0
N20001063,NI data zone,608,9,0,16,0
N20001064,NI data zone,268,37,13,10,0
N20001065,NI data zone,527,12,0,0,6
N20001066,NI data zone,516,84,7,15,1
N20001067,NI data zone,348,14,0,0,1
N20001068,NI data zone,459,3,0,0,0
N20001069,NI data zone,446,12,0,3,4
N20001070,NI data zone,592,54,5,17,0
N20001071,NI data zone,383,6,1,4,0
N20001072,NI data zone,511,10,1,6,1
N20001073,NI data zone,539,4,0,5,0
N20001074,NI data zone,431,7,1,3,4
N20001075,NI data zone,454,1,3,4,1
N20001076,NI data zone,591,4,4,12,0
N20001077,NI data zone,604,14,0,9,5
N20001078,NI data zone,277,7,1,1,1
N20001079,NI data zone,244,103,1,4,1
N20001080,NI data zone,664,742,22,22,17
N20001081,NI data zone,306,49,7,9,4
N20001082,NI data zone,385,5,5,8,1
N20001083,NI data zone,434,15,0,0,0
N20001084,NI data zone,462,292,7,13,4
N20001085,NI data zone,216,319,8,6,6
N20001086,NI data zone,340,46,10,1,2
N20001087,NI data zone,456,410,9,20,6
N20001088,NI data zone,266,195,7,0,4
N20001089,NI data zone,215,2,2,6,1
N20001090,NI data zone,347,235,35,3,6
N20001091,NI data zone,269,88,21,2,1
N20001092,NI data zone,444,22,2,7,0
N20001093,NI data zone,386,3,11,1,0
N20001094,NI data zone,352,10,16,1,0
N20001095,NI data zone,507,18,9,4,3
N20001096,NI data zone,409,17,23,1,3
N20001097,NI data zone,241,45,11,7,11
N20001098,NI data zone,328,16,14,8,6
N20001099,NI data zone,227,73,14,11,7
N20001100,NI data zone,327,50,14,4,3
N20001101,NI data zone,432,57,5,8,0
N20001102,NI data zone,259,26,10,5,0
N20001103,NI data zone,343,125,15,13,8
N20001104,NI data zone,430,31,16,0,4
N20001105,NI data zone,274,36,12,4,6
N20001106,NI data zone,406,55,33,9,6
N20001107,NI data zone,345,53,11,7,7
N20001108,NI data zone,142,64,5,3,4
N20001109,NI data zone,495,9,22,15,13
N20001110,NI data zone,246,21,13,4,1
N20001111,NI data zone,324,23,24,4,4
N20001112,NI data zone,347,137,8,11,10
N20001113,NI data zone,415,44,15,2,2
N20001114,NI data zone,357,31,29,10,0
N20001115,NI data zone,496,68,16,18,21
N20001116,NI data zone,302,24,7,2,3
N20001117,NI data zone,279,14,19,8,1
N20001118,NI data zone,414,24,11,8,26
N20001119,NI data zone,360,20,16,10,5
N20001120,NI data zone,510,52,15,13,3
N20001121,NI data zone,613,8,1,0,9
N20001122,NI data zone,175,61,6,6,2
N20001123,NI data zone,331,86,7,15,3
N20001124,NI data zone,508,86,8,13,3
N20001125,NI data zone,230,64,20,11,8
N20001126,NI data zone,488,92,51,7,15
N20001127,NI data zone,442,30,31,18,12
N20001128,NI data zone,195,23,31,0,5
N20001129,NI data zone,337,38,30,6,12
N20001130,NI data zone,463,32,26,5,12
N20001131,NI data zone,474,59,18,7,40
N20001132,NI data zone,397,74,19,13,4
N20001133,NI data zone,615,114,33,13,6
N20001134,NI data zone,498,28,28,7,19
N20001135,NI data zone,503,72,17,19,5
N20001136,NI data zone,416,50,11,10,0
N20001137,NI data zone,388,56,22,6,3
N20001138,NI data zone,383,42,27,12,1
N20001139,NI data zone,517,86,15,23,4
N20001140,NI data zone,457,73,17,8,1
N20001141,NI data zone,273,11,27,4,3
N20001142,NI data zone,518,67,12,16,5
N20001143,NI data zone,436,73,21,15,1
N20001144,NI data zone,430,70,8,13,3
N20001145,NI data zone,210,5,0,6,0
N20001146,NI data zone,263,5,0,3,2
N20001147,NI data zone,267,97,33,19,0
N20001148,NI data zone,357,33,4,25,8
N20001149,NI data zone,541,36,29,13,23
N20001150,NI data zone,342,24,18,7,0
N20001151,NI data zone,487,31,14,10,1
N20001152,NI data zone,291,34,9,6,4
N20001153,NI data zone,596,23,6,13,0
N20001154,NI data zone,237,36,22,7,5
N20001155,NI data zone,389,19,12,4,11
N20001156,NI data zone,549,105,8,15,0
N20001157,NI data zone,362,23,10,11,3
N20001158,NI data zone,394,11,23,5,1
N20001159,NI data zone,382,15,16,18,6
N20001160,NI data zone,303,3,8,7,0
N20001161,NI data zone,379,17,9,5,1
N20001162,NI data zone,1646,430,27,40,6
N20001163,NI data zone,260,41,5,18,3
N20001164,NI data zone,488,20,4,11,0
N20001165,NI data zone,436,15,12,15,0
N20001166,NI data zone,527,7,8,10,0
N20001167,NI data zone,647,7,1,12,3
N20001168,NI data zone,435,37,6,21,0
N20001169,NI data zone,509,9,1,4,3
N20001170,NI data zone,427,29,1,5,2
N20001171,NI data zone,274,15,0,1,3
N20001172,NI data zone,941,41,12,20,1
N20001173,NI data zone,369,40,1,7,1
N20001174,NI data zone,539,20,1,13,0
N20001175,NI data zone,292,47,0,6,0
N20001176,NI data zone,419,16,0,1,1
N20001177,NI data zone,460,10,2,10,2
N20001178,NI data zone,471,57,0,14,0
N20001179,NI data zone,230,25,0,5,8
N20001180,NI data zone,272,7,1,8,0
N20001181,NI data zone,262,11,6,0,1
N20001182,NI data zone,441,8,4,13,3
N20001183,NI data zone,434,8,5,6,0
N20001184,NI data zone,698,29,4,8,4
N20001185,NI data zone,485,17,3,1,1
N20001186,NI data zone,500,29,3,2,1
N20001187,NI data zone,247,2,3,0,2
N20001188,NI data zone,330,4,3,5,6
N20001189,NI data zone,424,8,0,2,1
N20001190,NI data zone,491,5,1,1,0
N20001191,NI data zone,418,7,0,3,3
N20001192,NI data zone,513,2,1,4,0
N20001193,NI data zone,330,17,0,3,2
N20001194,NI data zone,321,1,5,17,0
N20001195,NI data zone,657,17,0,0,2
N20001196,NI data zone,387,12,0,4,1
N20001197,NI data zone,428,4,0,4,0
N20001198,NI data zone,481,10,4,1,0
N20001199,NI data zone,498,34,6,3,1
N20001200,NI data zone,443,0,1,9,5
N20001201,NI data zone,433,20,5,10,3
N20001202,NI data zone,381,5,3,3,1
N20001203,NI data zone,344,82,31,4,6
N20001204,NI data zone,471,3,0,4,1
N20001205,NI data zone,303,49,4,6,2
N20001206,NI data zone,134,13,4,0,2
N20001207,NI data zone,314,5,5,0,0
N20001208,NI data zone,550,3,0,5,1
N20001209,NI data zone,373,5,0,15,3
N20001210,NI data zone,392,76,7,14,4
N20001211,NI data zone,421,22,9,8,4
N20001212,NI data zone,280,0,0,0,0
N20001213,NI data zone,296,37,1,10,0
N20001214,NI data zone,394,16,7,6,5
N20001215,NI data zone,589,44,1,22,0
N20001216,NI data zone,249,33,3,4,1
N20001217,NI data zone,519,30,4,9,0
N20001218,NI data zone,349,18,0,4,0
N20001219,NI data zone,385,32,0,7,1
N20001220,NI data zone,416,91,16,12,0
N20001221,NI data zone,345,82,0,11,5
N20001222,NI data zone,342,15,19,5,1
N20001223,NI data zone,589,9,15,8,0
N20001224,NI data zone,381,5,0,5,1
N20001225,NI data zone,210,10,4,13,0
N20001226,NI data zone,413,7,0,0,2
N20001227,NI data zone,264,2,0,3,2
N20001228,NI data zone,347,7,3,4,0
N20001229,NI data zone,395,6,10,8,0
N20001230,NI data zone,577,42,1,5,0
N20001231,NI data zone,517,20,6,9,1
N20001232,NI data zone,589,10,8,0,1
N20001233,NI data zone,452,32,3,5,0
N20001234,NI data zone,440,7,3,17,1
N20001235,NI data zone,313,3,0,4,0
N20001237,NI data zone,430,0,1,2,0
N20001238,NI data zone,266,0,0,1,1
N20001244,NI data zone,789,4,0,0,1
N20001245,NI data zone,437,1,0,2,0
N20001247,NI data zone,467,6,0,5,1
N20001249,NI data zone,599,24,12,9,3
N20001251,NI data zone,682,11,1,1,0
N20001253,NI data zone,719,15,0,3,0
N20001254,NI data zone,633,11,2,8,0
N20001255,NI data zone,724,15,0,3,10
N20001256,NI data zone,474,5,2,0,1
N20001257,NI data zone,584,6,0,7,0
N20001258,NI data zone,973,1,1,4,1
N20001259,NI data zone,705,5,6,4,1
N20001260,NI data zone,475,23,4,2,1
N20001261,NI data zone,843,4,0,5,4
N20001262,NI data zone,438,8,0,1,1
N20001263,NI data zone,582,0,4,9,3
N20001264,NI data zone,805,7,5,6,0
N20001265,NI data zone,501,6,0,6,1
N20001266,NI data zone,589,0,3,4,8
N20001268,NI data zone,604,1,1,6,11
N20001269,NI data zone,491,3,10,7,5
N20001270,NI data zone,343,2,0,1,0
N20001271,NI data zone,438,5,0,6,0
N20001272,NI data zone,642,2,3,0,1
N20001274,NI data zone,378,5,0,7,1
N20001275,NI data zone,371,8,8,7,0
N20001276,NI data zone,479,1,2,5,7
N20001277,NI data zone,737,0,0,0,1
N20001278,NI data zone,546,6,0,1,1
N20001280,NI data zone,301,3,2,4,1
N20001281,NI data zone,304,1,3,5,2
N20001282,NI data zone,501,0,0,14,0
N20001283,NI data zone,346,2,2,8,0
N20001284,NI data zone,641,2,2,0,0
N20001285,NI data zone,330,5,0,0,0
N20001286,NI data zone,299,0,1,8,0
N20001287,NI data zone,401,6,0,1,0
N20001288,NI data zone,510,4,0,3,0
N20001289,NI data zone,373,15,7,4,0
N20001290,NI data zone,1120,4,6,1,0
N20001291,NI data zone,569,1,0,3,4
N20001292,NI data zone,507,50,1,11,0
N20001293,NI data zone,365,1,0,0,2
N20001294,NI data zone,203,24,0,6,0
N20001295,NI data zone,336,1,0,2,1
N20001296,NI data zone,354,34,5,7,1
N20001304,NI data zone,511,15,0,11,5
N20001307,NI data zone,447,44,81,14,0
N20001311,NI data zone,342,22,15,7,7
N20001312,NI data zone,347,34,22,4,7
N20001315,NI data zone,384,52,29,5,0
N20001316,NI data zone,515,9,0,3,0
N20001318,NI data zone,460,11,4,0,0
N20001319,NI data zone,316,5,15,4,0
N20001321,NI data zone,550,25,0,13,3
N20001322,NI data zone,419,18,13,4,1
N20001324,NI data zone,480,17,12,4,3
N20001330,NI data zone,397,9,3,1,0
N20001333,NI data zone,434,7,3,4,0
N20001334,NI data zone,697,6,0,0,0
N20001336,NI data zone,233,7,8,0,3
N20001337,NI data zone,411,1,4,1,1
N20001340,NI data zone,417,2,12,3,3
N20001342,NI data zone,566,11,0,0,2
N20001345,NI data zone,466,6,4,6,1
N20001347,NI data zone,310,1,0,1,1
N20001350,NI data zone,434,2,0,1,0
N20001352,NI data zone,515,0,2,4,14
N20001354,NI data zone,423,3,1,3,0
N20001355,NI data zone,474,1,0,0,1
N20001357,NI data zone,405,1,0,4,1
N20001361,NI data zone,530,5,5,1,0
N20001364,NI data zone,589,0,2,2,0
N20001366,NI data zone,410,1,0,0,0
N20001367,NI data zone,395,4,0,4,0
N20001368,NI data zone,250,0,0,0,2
N20001389,NI data zone,529,10,14,9,0
N20001396,NI data zone,423,1,1,5,1
N20001398,NI data zone,345,5,7,5,1
N20001406,NI data zone,311,2,9,3,0
N20001409,NI data zone,221,5,0,0,0
N20001410,NI data zone,296,1,0,0,0
N20001412,NI data zone,257,9,4,3,0
N20001414,NI data zone,331,6,1,1,0
N20001415,NI data zone,328,0,0,1,0
N20001418,NI data zone,350,36,16,10,1
N20001421,NI data zone,405,5,18,3,19
N20001423,NI data zone,219,2,18,2,1
N20001425,NI data zone,187,86,4,11,0
N20001426,NI data zone,384,8,0,6,1
N20001429,NI data zone,555,0,3,6,0
N20001430,NI data zone,268,18,5,5,1
N20001431,NI data zone,302,0,12,0,4
N20001432,NI data zone,306,0,0,2,0
N20001433,NI data zone,418,4,0,1,0
N20001434,NI data zone,342,7,1,2,2
N20001435,NI data zone,297,31,18,0,1
N20001437,NI data zone,406,10,3,0,0
N20001438,NI data zone,395,6,7,8,1
N20001439,NI data zone,469,50,40,5,13
N20001440,NI data zone,396,1,0,1,0
N20001441,NI data zone,437,59,18,10,2
N20001442,NI data zone,465,18,0,4,0
N20001443,NI data zone,313,42,7,0,5
N20001444,NI data zone,620,14,0,6,1
N20001445,NI data zone,311,43,28,9,4
N20002252,NI data zone,510,15,6,3,0
N20002253,NI data zone,283,13,0,0,0
N20002254,NI data zone,455,18,1,12,0
N20002255,NI data zone,265,1,0,1,7
N20002256,NI data zone,423,4,10,1,0
N20002257,NI data zone,598,14,1,16,0
N20002258,NI data zone,577,0,0,6,0
N20002259,NI data zone,483,5,1,4,0
N20002260,NI data zone,521,4,1,5,5
N20002261,NI data zone,473,3,0,8,0
N20002262,NI data zone,481,3,0,0,0
N20002263,NI data zone,405,16,0,3,0
N20002264,NI data zone,509,1,0,1,0
N20002265,NI data zone,256,1,0,2,1
N20002266,NI data zone,506,13,0,5,0
N20002267,NI data zone,283,20,0,2,0
N20002268,NI data zone,1072,1,1,2,0
N20002269,NI data zone,618,5,1,4,2
N20002270,NI data zone,239,10,0,0,0
N20002271,NI data zone,449,3,0,0,0
N20002272,NI data zone,529,4,3,6,0
N20002273,NI data zone,522,12,5,0,2
N20002274,NI data zone,511,1,0,0,0
N20002275,NI data zone,582,7,0,10,0
N20002276,NI data zone,483,1,1,6,1
N20002277,NI data zone,699,3,0,4,2
N20002278,NI data zone,385,0,0,0,0
N20002279,NI data zone,244,3,0,4,0
N20002280,NI data zone,434,2,1,2,0
N20002281,NI data zone,640,8,0,3,0
N20002282,NI data zone,410,5,2,4,1
N20002283,NI data zone,213,0,0,3,1
N20002284,NI data zone,829,8,1,1,0
N20002285,NI data zone,522,6,0,14,0
N20002286,NI data zone,381,1,0,5,0
N20002305,NI data zone,550,10,0,4,0
N20002307,NI data zone,329,7,1,3,1
N20002326,NI data zone,557,8,1,8,0
N20002330,NI data zone,507,9,7,2,0
N20002331,NI data zone,383,6,1,11,6
N20002333,NI data zone,374,10,1,2,0
N20002337,NI data zone,466,3,2,0,0
N20002338,NI data zone,237,16,0,5,0
N20002339,NI data zone,411,4,1,4,9
N20002340,NI data zone,229,2,0,0,0
N20002343,NI data zone,345,9,0,3,1
N20002345,NI data zone,353,12,0,6,3
N20002346,NI data zone,350,11,4,8,7
N20002347,NI data zone,518,3,6,4,0
N20002348,NI data zone,405,7,0,0,0
N20002350,NI data zone,470,21,0,4,1
N20002352,NI data zone,481,16,5,4,2
N20002353,NI data zone,788,20,8,7,0
N20002354,NI data zone,308,2,0,1,0
N20002355,NI data zone,460,21,0,6,0
N20002356,NI data zone,441,29,5,1,0
N20002357,NI data zone,395,24,8,4,1
N20002358,NI data zone,351,17,0,0,0
N20002359,NI data zone,202,5,11,6,0
N20002360,NI data zone,450,34,5,3,6
N20002361,NI data zone,386,1,0,1,1
N20002362,NI data zone,613,31,0,8,5
N20002363,NI data zone,480,20,2,9,2
N20002365,NI data zone,287,8,0,2,1
N20002366,NI data zone,461,27,0,3,0
N20002367,NI data zone,435,8,6,3,3
N20002368,NI data zone,499,1,5,7,0
N20002369,NI data zone,424,2,0,0,0
N20002370,NI data zone,454,9,0,11,3
N20002371,NI data zone,421,13,0,3,3
N20002372,NI data zone,648,28,6,6,3
N20002373,NI data zone,658,29,0,8,4
N20002374,NI data zone,485,9,0,6,0
N20002375,NI data zone,398,11,0,1,0
N20002376,NI data zone,216,8,0,0,2
N20002377,NI data zone,644,25,1,6,1
N20002378,NI data zone,528,2,0,7,0
N20002379,NI data zone,688,52,10,3,2
N20002380,NI data zone,400,8,9,7,0
N20002381,NI data zone,449,3,0,8,0
N20002382,NI data zone,601,21,7,8,1
N20002383,NI data zone,378,19,5,3,4
N20002384,NI data zone,480,3,5,8,0
N20002385,NI data zone,587,21,1,7,1
N20002386,NI data zone,605,19,4,10,1
N20002387,NI data zone,553,58,8,8,0
N20002388,NI data zone,534,28,5,10,3
N20002389,NI data zone,528,31,0,5,1
N20002390,NI data zone,574,8,6,0,0
N20002391,NI data zone,254,0,1,3,0
N20002392,NI data zone,753,11,1,7,0
N20002393,NI data zone,555,8,1,8,0
N20002394,NI data zone,459,2,1,1,4
N20002395,NI data zone,387,3,1,3,0
N20002396,NI data zone,346,1,0,3,0
N20002397,NI data zone,458,4,1,13,0
N20002398,NI data zone,441,7,1,3,0
N20002399,NI data zone,690,14,0,0,0
N20002400,NI data zone,296,0,4,0,1
N20002401,NI data zone,378,9,0,9,5
N20002402,NI data zone,382,17,7,1,6
N20002403,NI data zone,399,2,0,2,0
N20002404,NI data zone,970,11,45,12,7
N20002405,NI data zone,477,1,26,6,4
N20002406,NI data zone,544,12,4,3,0
N20002407,NI data zone,243,5,0,2,1
N20002408,NI data zone,551,6,0,8,0
N20002409,NI data zone,395,0,3,7,9
N20002410,NI data zone,395,0,3,0,0
N20002411,NI data zone,571,12,2,5,0
N20002412,NI data zone,462,5,1,6,1
N20002413,NI data zone,274,17,1,11,0
N20002414,NI data zone,490,13,0,17,11
N20002415,NI data zone,427,13,0,4,0
N20002416,NI data zone,391,17,0,4,0
N20002417,NI data zone,505,2,3,4,0
N20002418,NI data zone,407,4,1,10,2
N20002419,NI data zone,259,9,0,7,3
N20002420,NI data zone,450,16,0,9,0
N20002421,NI data zone,263,7,1,5,0
N20002422,NI data zone,249,14,0,4,2
N20002423,NI data zone,487,12,3,0,0
N20002424,NI data zone,517,9,0,7,0
N20002425,NI data zone,604,9,2,5,1
N20002426,NI data zone,459,0,1,0,0
N20002427,NI data zone,508,5,1,4,0
N20002428,NI data zone,234,1,0,0,0
N20002429,NI data zone,543,21,5,3,0
N20002430,NI data zone,420,5,1,3,0
N20002431,NI data zone,421,4,2,10,1
N20002432,NI data zone,462,9,4,9,0
N20002433,NI data zone,423,5,2,4,0
N20002434,NI data zone,260,0,0,6,1
N20002435,NI data zone,649,14,1,5,0
N20002436,NI data zone,435,10,0,5,0
N20002437,NI data zone,681,19,5,1,3
N20002438,NI data zone,471,1,0,4,0
N20002439,NI data zone,750,3,3,9,0
N20002440,NI data zone,633,6,1,4,0
N20002441,NI data zone,613,2,0,2,1
N20002442,NI data zone,546,0,1,0,0
N20002443,NI data zone,410,1,0,3,0
N20002444,NI data zone,563,8,0,4,1
N20002445,NI data zone,578,2,1,2,0
N20002446,NI data zone,603,3,0,0,0
N20002447,NI data zone,580,0,2,0,0
N20002448,NI data zone,475,6,0,0,4
N20002449,NI data zone,539,6,0,1,6
N20002450,NI data zone,532,0,0,0,0
N20002451,NI data zone,590,1,1,0,2
N20002452,NI data zone,504,0,0,1,0
N20002453,NI data zone,453,0,0,3,0
N20002454,NI data zone,605,6,3,8,0
N20002455,NI data zone,370,1,0,4,0
N20002456,NI data zone,646,10,0,8,3
N20002457,NI data zone,466,11,0,14,1
N20002458,NI data zone,551,14,1,3,0
N20002459,NI data zone,462,15,6,6,0
N20002460,NI data zone,221,15,7,4,0
N20002461,NI data zone,680,34,3,10,0
N20002462,NI data zone,448,25,1,7,2
N20002463,NI data zone,427,15,0,8,2
N20002464,NI data zone,405,30,0,2,0
N20002465,NI data zone,390,32,0,3,0
N20002466,NI data zone,222,14,3,1,0
N20002467,NI data zone,632,14,2,9,0
N20002468,NI data zone,522,27,0,2,5
N20002469,NI data zone,329,35,0,3,0
N20002470,NI data zone,641,22,0,10,0
N20002471,NI data zone,384,20,7,1,0
N20002472,NI data zone,439,12,1,9,3
N20002473,NI data zone,426,8,0,9,2
N20002474,NI data zone,658,42,1,12,1
N20002475,NI data zone,457,6,0,2,2
N20002476,NI data zone,657,20,3,12,1
N20002477,NI data zone,380,25,0,3,1
N20002478,NI data zone,749,35,0,9,1
N20002479,NI data zone,283,45,1,4,2
N20002480,NI data zone,561,44,0,7,0
N20002481,NI data zone,660,58,0,14,1
N20002482,NI data zone,593,86,16,5,0
N20002483,NI data zone,777,29,0,6,0
N20002484,NI data zone,795,23,6,7,9
N20002485,NI data zone,394,11,0,1,0
N20002486,NI data zone,249,19,0,0,0
N20002487,NI data zone,692,31,0,12,0
N20002488,NI data zone,546,7,0,1,3
N20002489,NI data zone,338,0,0,0,0
N20002490,NI data zone,601,25,0,3,0
N20002491,NI data zone,551,2,0,3,0
N20002492,NI data zone,334,12,2,1,0
N20002493,NI data zone,345,1,1,7,0
N20002494,NI data zone,382,29,0,4,0
N20002495,NI data zone,632,14,6,5,7
N20002496,NI data zone,694,33,5,6,0
N20002497,NI data zone,472,0,1,1,0
N20002498,NI data zone,392,6,0,4,0
N20002499,NI data zone,664,15,0,8,0
N20002500,NI data zone,893,12,6,5,0
N20002501,NI data zone,481,20,1,2,0
N20002502,NI data zone,371,39,0,4,0
N20002503,NI data zone,537,14,2,13,1
N20002504,NI data zone,275,27,0,0,1
N20002505,NI data zone,489,28,4,10,0
N20002506,NI data zone,294,29,1,1,0
N20002507,NI data zone,207,17,0,1,2
N20002508,NI data zone,442,67,6,2,2
N20002509,NI data zone,518,35,6,4,1
N20002510,NI data zone,337,0,0,3,4
N20002511,NI data zone,478,19,0,5,0
N20002512,NI data zone,430,35,0,4,1
N20002513,NI data zone,326,26,0,7,0
N20002514,NI data zone,580,12,0,4,0
N20002515,NI data zone,513,39,0,7,2
N20002516,NI data zone,483,83,12,6,0
N20002517,NI data zone,292,6,1,9,0
N20002518,NI data zone,438,20,0,5,0
N20002519,NI data zone,288,7,0,5,0
N20002520,NI data zone,487,36,14,3,0
N20002521,NI data zone,474,4,4,7,1
N20002522,NI data zone,364,5,0,1,0
N20002523,NI data zone,355,5,0,0,1
N20002524,NI data zone,477,30,11,5,0
N20002525,NI data zone,347,14,1,4,1
N20002526,NI data zone,517,41,0,4,4
N20002527,NI data zone,619,9,1,5,0
N20002528,NI data zone,324,14,1,5,0
N20002529,NI data zone,339,9,0,0,0
N20002530,NI data zone,457,2,1,3,0
N20002531,NI data zone,307,10,2,4,1
N20002532,NI data zone,451,12,0,1,0
N20002533,NI data zone,327,6,0,5,0
N20002534,NI data zone,511,24,5,1,0
N20002535,NI data zone,340,12,1,9,1
N20002536,NI data zone,548,6,4,6,0
N20002537,NI data zone,326,2,0,2,0
N20002538,NI data zone,420,10,0,5,0
N20002539,NI data zone,406,2,1,7,0
N20002540,NI data zone,427,2,1,0,1
N20002541,NI data zone,454,2,1,2,2
N20002542,NI data zone,365,2,0,1,0
N20002543,NI data zone,263,1,0,3,0
N20002544,NI data zone,372,6,0,5,0
N20002545,NI data zone,595,0,2,3,0
N20002546,NI data zone,608,2,0,1,0
N20002547,NI data zone,629,3,1,0,1
N20003208,NI data zone,457,1,0,3,0
N20003209,NI data zone,551,0,1,8,3
N20003210,NI data zone,481,0,0,0,1
N20003211,NI data zone,604,0,0,0,0
N20003213,NI data zone,833,1,1,3,0
N20003214,NI data zone,929,3,1,0,0
N20003215,NI data zone,696,8,1,0,0
N20003216,NI data zone,729,2,0,3,0
N20003217,NI data zone,524,2,0,0,0
N20003218,NI data zone,639,0,0,5,5
N20003219,NI data zone,511,0,0,0,0
N20003220,NI data zone,540,1,1,3,0
N20003221,NI data zone,840,0,1,2,0
N20003222,NI data zone,602,1,1,3,1
N20003223,NI data zone,468,6,0,8,0
N20003225,NI data zone,756,1,0,0,3
N20003226,NI data zone,739,1,0,0,1
N20003227,NI data zone,762,1,0,0,0
N20003229,NI data zone,546,1,0,1,0
N20003230,NI data zone,687,1,0,0,1
N20003231,NI data zone,676,0,1,1,1
N20003232,NI data zone,440,1,0,0,2
N20003234,NI data zone,694,4,0,3,0
N20003235,NI data zone,619,1,0,3,5
N20003236,NI data zone,781,0,1,0,0
N20003237,NI data zone,559,1,0,0,0
N20003238,NI data zone,519,12,0,5,0
N20003239,NI data zone,599,3,1,4,7
N20003240,NI data zone,710,1,0,0,0
N20003241,NI data zone,645,5,0,3,4
N20003242,NI data zone,431,13,0,1,1
N20003243,NI data zone,572,7,1,1,1
N20003244,NI data zone,608,0,0,0,0
N20003245,NI data zone,308,1,3,1,8
N20003246,NI data zone,445,9,1,6,2
N20003247,NI data zone,236,1,0,0,1
N20003248,NI data zone,419,4,0,4,4
N20003249,NI data zone,295,5,0,0,0
N20003250,NI data zone,512,1,0,1,3
N20003251,NI data zone,232,0,0,0,4
N20003252,NI data zone,409,5,2,4,0
N20003253,NI data zone,456,4,4,6,2
N20003254,NI data zone,381,6,1,4,1
N20003255,NI data zone,444,9,3,3,1
N20003256,NI data zone,459,2,0,3,4
N20003257,NI data zone,701,8,2,0,0
N20003258,NI data zone,394,0,0,0,0
N20003259,NI data zone,537,0,3,1,0
N20003260,NI data zone,579,0,1,14,0
N20003261,NI data zone,689,0,0,0,0
N20003262,NI data zone,573,2,1,8,0
N20003263,NI data zone,497,4,0,9,3
N20003264,NI data zone,498,1,0,8,0
N20003265,NI data zone,462,3,2,6,1
N20003266,NI data zone,608,2,1,6,2
N20003267,NI data zone,401,0,0,6,1
N20003268,NI data zone,562,2,1,5,0
N20003269,NI data zone,475,2,1,9,1
N20003270,NI data zone,510,8,1,1,0
N20003271,NI data zone,395,11,0,2,0
N20003272,NI data zone,607,1,0,7,0
N20003273,NI data zone,571,2,2,9,1
N20003274,NI data zone,690,2,1,4,4
N20003275,NI data zone,473,1,1,2,2
N20003276,NI data zone,659,1,1,0,1
N20003277,NI data zone,440,1,0,0,0
N20003278,NI data zone,501,2,0,0,4
N20003279,NI data zone,349,2,0,3,0
N20003280,NI data zone,509,0,0,0,0
N20003281,NI data zone,589,3,0,9,0
N20003282,NI data zone,741,1,0,4,0
N20003283,NI data zone,609,1,1,4,1
N20003284,NI data zone,562,0,1,3,1
N20003285,NI data zone,422,4,0,7,0
N20003286,NI data zone,472,2,0,0,0
N20003287,NI data zone,531,1,0,1,5
N20003288,NI data zone,676,1,1,0,0
N20003289,NI data zone,558,1,3,1,0
N20003290,NI data zone,679,3,0,1,1
N20003291,NI data zone,617,0,0,0,0
N20003292,NI data zone,747,1,2,5,0
N20003293,NI data zone,811,0,0,0,0
N20003294,NI data zone,500,2,1,0,0
N20003295,NI data zone,560,11,0,7,0
N20003296,NI data zone,414,1,0,1,0
N20003297,NI data zone,628,4,3,3,1
N20003298,NI data zone,483,0,1,0,1
N20003299,NI data zone,642,4,1,5,0
N20003300,NI data zone,677,8,6,10,1
N20003301,NI data zone,561,8,6,4,3
N20003302,NI data zone,630,0,0,3,2
N20003303,NI data zone,405,7,0,0,7
N20003304,NI data zone,858,2,1,5,0
N20003305,NI data zone,318,1,0,0,6
N20003306,NI data zone,431,6,0,0,4
N20003307,NI data zone,376,1,0,0,1
N20003308,NI data zone,492,5,0,11,2
N20003309,NI data zone,530,0,0,0,2
N20003310,NI data zone,575,3,0,0,0
N20003311,NI data zone,616,4,1,5,1
N20003312,NI data zone,384,3,0,3,0
N20003313,NI data zone,578,0,0,1,0
N20003314,NI data zone,411,1,0,6,1
N20003315,NI data zone,685,2,0,0,0
N20003316,NI data zone,351,0,1,1,0
N20003317,NI data zone,848,0,1,0,6
N20003318,NI data zone,655,1,1,0,0
N20003319,NI data zone,988,1,1,7,0
N20003320,NI data zone,446,2,0,0,4
N20003321,NI data zone,730,0,0,0,0
N20003322,NI data zone,482,0,0,0,0
N20003323,NI data zone,482,0,2,3,0
N20003324,NI data zone,835,2,0,10,1
N20003325,NI data zone,433,6,0,0,1
N20003326,NI data zone,583,1,0,1,1
N20003327,NI data zone,687,1,0,4,0
N20003328,NI data zone,775,3,1,0,0
N20003329,NI data zone,554,0,1,3,0
N20003330,NI data zone,575,7,1,3,0
N20003331,NI data zone,631,1,0,0,0
N20003332,NI data zone,527,0,0,1,0
N20003333,NI data zone,500,0,0,1,0
N20003334,NI data zone,460,0,3,0,3
N20003335,NI data zone,817,1,0,6,1
N20003336,NI data zone,793,1,0,3,1
N20003337,NI data zone,662,2,1,1,1
N20003338,NI data zone,715,5,0,3,0
N20003339,NI data zone,333,3,0,2,2
N20003340,NI data zone,472,0,0,2,1
N20003341,NI data zone,672,4,1,0,2
N20003342,NI data zone,681,6,4,11,1
N20003343,NI data zone,623,1,0,0,2
N20003344,NI data zone,456,2,0,1,0
N20003345,NI data zone,398,2,0,0,1
N20003346,NI data zone,357,0,0,0,0
N20003347,NI data zone,515,1,0,1,1
N20003348,NI data zone,314,0,0,3,0
N20003349,NI data zone,728,13,5,12,1
N20003350,NI data zone,585,2,1,8,2
N20003351,NI data zone,349,2,0,0,0
N20003352,NI data zone,540,1,0,5,1
N20003353,NI data zone,477,1,0,0,2
N20003354,NI data zone,424,0,0,3,1
N20003355,NI data zone,652,1,0,3,0
N20003356,NI data zone,535,0,0,0,0
N20003357,NI data zone,531,1,0,0,4
N20003358,NI data zone,667,1,4,4,0
N20003359,NI data zone,597,1,0,3,0
N20003360,NI data zone,377,5,0,1,0
N20003361,NI data zone,439,1,1,0,2
N20003362,NI data zone,425,2,0,0,0
N20003363,NI data zone,416,1,0,4,2
N20003364,NI data zone,396,1,0,0,1
N20003365,NI data zone,521,0,10,1,0
N20003366,NI data zone,569,5,1,1,5
N20003367,NI data zone,290,6,0,5,0
N20003368,NI data zone,414,1,0,6,0
N20003369,NI data zone,554,0,0,1,0
N20003370,NI data zone,669,8,0,3,0
N20003371,NI data zone,669,1,2,1,0
N20003372,NI data zone,325,0,0,3,0
N20003373,NI data zone,455,22,0,0,0
N20003374,NI data zone,277,1,1,1,1
N20003375,NI data zone,382,1,0,8,0
N20003376,NI data zone,313,2,0,0,1
N20003377,NI data zone,365,1,0,0,0
N20003378,NI data zone,449,12,0,4,2
N20003379,NI data zone,404,7,0,0,5
N20003380,NI data zone,559,3,0,2,0
N20003381,NI data zone,505,2,0,3,0
N20003382,NI data zone,349,6,0,1,0
N20003383,NI data zone,465,0,0,1,0
N20003384,NI data zone,515,1,3,8,1
N20003385,NI data zone,445,4,3,2,0
N20003386,NI data zone,454,0,0,1,0
N20003387,NI data zone,635,2,0,0,2
N20003388,NI data zone,567,6,0,4,4
N20003389,NI data zone,392,1,1,6,1
N20003390,NI data zone,417,4,0,2,0
N20003391,NI data zone,581,3,2,3,1
N20003392,NI data zone,677,3,0,8,0
N20003393,NI data zone,654,0,0,6,0
N20003394,NI data zone,636,0,0,0,2
N20003395,NI data zone,691,1,0,3,0
N20003396,NI data zone,637,1,0,0,0
N20003397,NI data zone,695,7,3,4,0
N20003398,NI data zone,473,13,0,2,0
N20003399,NI data zone,608,2,0,6,0
N20003400,NI data zone,441,5,0,4,0
N20003401,NI data zone,465,12,0,9,6
N20003402,NI data zone,380,4,1,1,0
N20003403,NI data zone,417,2,0,5,0
N20003404,NI data zone,306,2,0,3,6
N20003405,NI data zone,573,1,0,2,1
N20003406,NI data zone,389,16,1,1,5
N20003407,NI data zone,366,8,0,0,1
N20003408,NI data zone,254,8,0,1,1
N20003409,NI data zone,465,3,0,0,1
N20003410,NI data zone,438,10,0,4,5
N20003411,NI data zone,784,14,3,12,1
N20003412,NI data zone,526,12,0,9,0
N20003413,NI data zone,498,4,0,6,8
N20003414,NI data zone,764,0,0,0,0
N20003415,NI data zone,218,0,3,4,0
N20003416,NI data zone,571,0,0,4,11
N20003417,NI data zone,539,6,0,0,1
N20003418,NI data zone,507,1,0,0,1
N20003419,NI data zone,658,4,1,4,5
N20003420,NI data zone,716,9,0,7,5
N20003421,NI data zone,688,5,0,1,1
N20003422,NI data zone,539,1,1,0,0
N20003423,NI data zone,577,2,1,4,0
N20003424,NI data zone,470,4,1,0,1
N20003425,NI data zone,417,0,1,1,3
N20003426,NI data zone,431,0,0,1,0
N20003427,NI data zone,315,3,0,0,1
N20003428,NI data zone,545,0,0,3,0
N20003429,NI data zone,680,1,1,3,0
N20003430,NI data zone,447,6,2,9,1
N20003431,NI data zone,488,1,0,3,0
N20003432,NI data zone,261,0,0,6,11
N20003433,NI data zone,484,1,0,0,0
N20003434,NI data zone,356,2,1,5,0
N20003435,NI data zone,384,9,0,0,1
N20003436,NI data zone,629,1,0,3,0
N20003437,NI data zone,484,4,0,1,2
N20003438,NI data zone,461,0,0,2,0
N20003439,NI data zone,325,0,1,0,0
N20003440,NI data zone,492,5,2,10,4
N20003441,NI data zone,332,0,0,7,1
N20003442,NI data zone,309,3,0,0,0
N20003443,NI data zone,422,28,4,7,1
N20003444,NI data zone,423,3,0,2,0
N20003445,NI data zone,353,1,0,5,0
N20003446,NI data zone,322,1,0,0,4
N20003447,NI data zone,334,5,1,6,1
N20003448,NI data zone,763,6,3,1,0
N20003449,NI data zone,223,10,0,3,0
N20003450,NI data zone,398,3,4,2,1
N20003451,NI data zone,358,9,9,1,1
N20003452,NI data zone,466,0,1,0,0
N20003453,NI data zone,446,1,0,4,0
N20003454,NI data zone,421,0,0,8,0
N20003455,NI data zone,349,0,0,0,0
N20003456,NI data zone,516,0,0,0,2
N20003457,NI data zone,517,0,0,0,0
N20003458,NI data zone,328,1,0,0,0
N20003459,NI data zone,360,3,0,3,2
N20003460,NI data zone,439,0,0,1,0
N20003461,NI data zone,336,2,0,0,0
N20003462,NI data zone,346,0,0,0,0
N20003463,NI data zone,729,2,0,10,1
N20003464,NI data zone,319,0,2,0,1
N20003465,NI data zone,556,7,0,6,0
N20003466,NI data zone,558,0,0,1,0
N20003467,NI data zone,846,2,0,7,3
N20003468,NI data zone,598,2,1,1,0
N20003469,NI data zone,712,2,3,4,0
N20003470,NI data zone,564,3,0,1,0
N20003471,NI data zone,688,1,1,3,0
N20003472,NI data zone,399,2,0,1,1
N20003473,NI data zone,582,0,0,0,1
N20003474,NI data zone,630,1,0,0,0
N20003475,NI data zone,575,8,0,5,0
N20003476,NI data zone,583,4,0,3,1
N20003477,NI data zone,519,2,0,1,0
N20003478,NI data zone,503,0,2,3,0
N20003479,NI data zone,380,2,0,0,0
N20003480,NI data zone,490,12,1,7,0
N20003481,NI data zone,346,7,0,3,0
N20003482,NI data zone,488,6,1,0,2
N20003483,NI data zone,423,7,1,5,0
N20003484,NI data zone,566,17,0,6,0
N20003485,NI data zone,327,0,0,4,0
N20003486,NI data zone,427,5,5,12,0
N20003487,NI data zone,529,11,1,5,1
N20003488,NI data zone,677,6,0,4,0
N20003489,NI data zone,365,7,0,0,0
N20003490,NI data zone,457,3,1,0,0
N20003491,NI data zone,601,10,0,1,2
N20003492,NI data zone,677,6,0,0,1
N20003493,NI data zone,578,15,0,5,0
N20003494,NI data zone,502,0,1,4,1
N20003495,NI data zone,407,11,0,1,0
N20003496,NI data zone,552,14,1,8,2
N20003497,NI data zone,389,4,1,4,0
N20003498,NI data zone,344,6,0,0,0
N20003499,NI data zone,298,21,2,4,0
N20003500,NI data zone,243,0,0,0,1
N20003501,NI data zone,454,4,0,4,1
N20003502,NI data zone,676,5,1,14,1
N20003503,NI data zone,384,10,0,1,0
N20003504,NI data zone,471,13,0,8,5
N20003505,NI data zone,703,1,1,4,0
N20003506,NI data zone,645,4,0,3,0
N20003507,NI data zone,453,0,0,3,0
N20003508,NI data zone,497,10,0,8,0
N20003509,NI data zone,351,14,2,0,1
N20003510,NI data zone,180,3,0,0,0
N20003511,NI data zone,382,1,0,0,0
N20003512,NI data zone,307,5,0,4,5
N20003513,NI data zone,222,19,0,0,0
N20003514,NI data zone,553,8,0,1,4
N20003515,NI data zone,490,0,1,3,2
N20003516,NI data zone,371,15,0,0,4
N20003517,NI data zone,301,10,3,9,0
N20003518,NI data zone,426,18,1,1,1
N20003519,NI data zone,334,15,8,3,0
N20003520,NI data zone,521,5,0,5,4
N20003521,NI data zone,532,9,2,4,0
N20003522,NI data zone,311,8,0,1,0
N20003523,NI data zone,532,0,1,4,0
N20003524,NI data zone,331,5,2,2,0
N20003525,NI data zone,357,11,3,1,0
N20003526,NI data zone,372,1,0,3,0
N20003527,NI data zone,338,5,0,6,0
N20003528,NI data zone,491,3,0,0,0
N20003529,NI data zone,298,10,2,3,1
N20003530,NI data zone,354,3,0,4,0
N20003531,NI data zone,424,1,0,1,0
N20003532,NI data zone,550,2,0,1,1
N20003533,NI data zone,546,0,0,0,0
N20003534,NI data zone,425,9,0,0,0
N20003535,NI data zone,550,2,0,1,0
N20003536,NI data zone,692,8,0,7,0
N20003537,NI data zone,564,8,4,19,0
N20003538,NI data zone,579,0,0,8,0
N20003539,NI data zone,332,8,2,5,1
N20003540,NI data zone,357,3,0,4,0
N20003541,NI data zone,331,3,1,1,0
N20003542,NI data zone,418,4,0,1,0
N20003543,NI data zone,343,1,0,1,0
N20003544,NI data zone,349,1,0,3,0
N20003545,NI data zone,563,25,1,17,3
N20003546,NI data zone,623,1,2,11,2
N20003547,NI data zone,665,7,3,1,1
N20003548,NI data zone,640,10,2,18,3
N20003549,NI data zone,612,7,0,8,3
N20003550,NI data zone,585,10,2,5,1
N20003551,NI data zone,412,15,0,0,0
N20003552,NI data zone,315,6,1,13,1
N20003553,NI data zone,808,0,0,7,0
N20003554,NI data zone,1147,49,0,5,0
N20003555,NI data zone,473,0,1,2,1
N20003556,NI data zone,444,23,5,8,1
N20003557,NI data zone,268,7,8,4,1
N20003558,NI data zone,380,6,0,11,0
N20003559,NI data zone,450,4,1,6,2
N20003560,NI data zone,377,3,0,1,0
N20003561,NI data zone,463,6,6,5,0
N20003562,NI data zone,730,16,0,7,3
N20003563,NI data zone,291,1,0,4,0
N20003564,NI data zone,348,8,17,6,2
N20003565,NI data zone,413,1,7,4,1
N20003566,NI data zone,346,5,1,8,5
N20003567,NI data zone,544,4,0,1,1
N20003568,NI data zone,632,7,0,6,0
N20003569,NI data zone,880,7,0,2,1
N20003570,NI data zone,266,8,0,2,1
N20003571,NI data zone,472,5,5,8,2
N20003572,NI data zone,498,10,1,0,1
N20003573,NI data zone,507,15,1,5,0
N20003574,NI data zone,407,3,1,13,2
N20003575,NI data zone,370,8,0,2,2
N20003576,NI data zone,486,10,42,4,7
N20003577,NI data zone,388,12,0,4,0
N20003578,NI data zone,641,2,0,4,2
N20003579,NI data zone,326,2,0,1,2
N20003580,NI data zone,495,6,0,1,2
N20003581,NI data zone,702,3,0,6,3
N20003582,NI data zone,413,8,5,7,4
N20003583,NI data zone,388,1,7,1,2
N20003584,NI data zone,509,1,3,0,0
N20003585,NI data zone,437,1,0,6,0
N20003586,NI data zone,628,9,0,7,3
N20003587,NI data zone,391,5,1,0,0
N20003588,NI data zone,388,2,0,3,1
N20003589,NI data zone,485,2,0,3,0
N20003590,NI data zone,275,29,2,5,0
N20003591,NI data zone,261,1,0,1,0
N20003592,NI data zone,395,16,10,4,4
N20003593,NI data zone,273,12,0,10,0
N20003594,NI data zone,506,12,3,1,0
N20003595,NI data zone,540,4,1,7,1
N20003596,NI data zone,419,10,0,2,1
N20003597,NI data zone,305,11,5,6,0
N20003598,NI data zone,333,4,0,5,1
N20003599,NI data zone,490,11,0,10,4
N20003600,NI data zone,403,8,0,1,0
N20003601,NI data zone,292,18,0,3,0
N20003602,NI data zone,412,7,5,5,2
N20003603,NI data zone,465,16,0,8,0
N20003604,NI data zone,310,1,0,0,0
N20003605,NI data zone,710,17,0,16,0
N20003606,NI data zone,243,10,1,3,0
N20003607,NI data zone,413,2,0,3,3
N20003608,NI data zone,238,1,2,3,1
N20003609,NI data zone,483,7,0,1,0
N20003610,NI data zone,233,20,0,3,0
N20003611,NI data zone,428,12,0,0,0
N20003612,NI data zone,349,1,1,6,1
N20003613,NI data zone,392,6,0,5,0
N20003614,NI data zone,438,19,0,4,0
N20003615,NI data zone,632,11,0,5,1
N20003616,NI data zone,599,5,7,1,1
N20003617,NI data zone,426,1,0,1,0
N20003618,NI data zone,426,2,0,6,1
N20003619,NI data zone,705,22,4,3,1
N20003620,NI data zone,696,13,8,4,1
N20003621,NI data zone,427,2,0,0,4
N20003622,NI data zone,477,2,1,0,1
N20003623,NI data zone,534,6,1,3,1
N20003624,NI data zone,573,13,4,8,3
N20003625,NI data zone,505,6,6,0,0
N20003626,NI data zone,500,8,0,7,5
N20003627,NI data zone,435,1,0,2,0
N20003628,NI data zone,496,0,1,12,1
N20003629,NI data zone,486,2,2,11,0
N20003630,NI data zone,490,1,0,7,6
N20003631,NI data zone,374,6,0,2,2
N20003632,NI data zone,504,36,25,9,1
N20003633,NI data zone,179,1,0,0,0
N20003634,NI data zone,430,2,1,0,0
N20003635,NI data zone,455,0,0,7,0
N20003636,NI data zone,264,3,0,6,1
N20003637,NI data zone,467,6,0,3,0
N20003638,NI data zone,455,4,3,9,0
N20003639,NI data zone,441,4,0,7,0
N20003640,NI data zone,275,11,21,6,3
N20003641,NI data zone,277,2,0,4,0
N20003642,NI data zone,330,9,6,7,0
N20003643,NI data zone,327,0,0,2,1
N20003644,NI data zone,478,10,0,3,3
N20003645,NI data zone,602,3,0,3,1
N20003646,NI data zone,450,1,0,7,0
N20003647,NI data zone,578,0,0,1,1
N20003648,NI data zone,417,0,1,0,0
N20003649,NI data zone,540,4,0,9,1
N20003650,NI data zone,779,10,0,3,0
N20003651,NI data zone,439,8,1,7,2
N20003652,NI data zone,570,9,3,3,0
N20003653,NI data zone,401,2,2,7,0
N20003654,NI data zone,417,0,1,6,0
N20003655,NI data zone,503,13,3,3,2
N20003656,NI data zone,420,10,1,8,0
N20003657,NI data zone,349,0,0,0,2
N20003658,NI data zone,371,3,0,0,0
N20003659,NI data zone,483,6,10,10,0
N20003660,NI data zone,396,0,0,4,4
N20003661,NI data zone,382,17,2,4,9
N20003662,NI data zone,358,1,1,0,1
N20003663,NI data zone,440,0,1,6,0
N20003664,NI data zone,525,3,2,7,2
N20003665,NI data zone,227,0,0,4,1
N20003666,NI data zone,456,2,1,1,0
N20003667,NI data zone,523,12,0,10,1
N20003668,NI data zone,453,16,3,5,9
N20003669,NI data zone,602,14,0,8,1
N20003670,NI data zone,356,2,1,1,0
N20003671,NI data zone,373,0,1,3,2
N20003672,NI data zone,320,8,0,6,0
N20003673,NI data zone,703,14,0,0,3
N20003674,NI data zone,346,0,1,5,0
N20003675,NI data zone,410,16,5,6,0
N20003676,NI data zone,567,3,0,3,0
N20003677,NI data zone,430,1,0,7,1
N20003678,NI data zone,496,3,0,5,3
N20003679,NI data zone,270,0,0,0,0
N20003680,NI data zone,480,1,0,6,1
N20003681,NI data zone,360,0,0,1,1
N20003682,NI data zone,373,0,0,0,0
N20003683,NI data zone,304,1,0,2,0
N20003684,NI data zone,514,1,0,1,0
N20003685,NI data zone,475,0,2,1,0
N20003686,NI data zone,335,0,0,7,0
N20003687,NI data zone,397,0,0,0,1
N20003688,NI data zone,361,1,0,0,0
N20003689,NI data zone,368,5,0,4,0
N20003690,NI data zone,333,2,0,0,0
N20003691,NI data zone,425,0,1,5,0
N20003692,NI data zone,184,2,0,3,0
N20003693,NI data zone,452,2,0,2,1
N20003694,NI data zone,451,4,2,1,1
N20003695,NI data zone,517,6,1,5,1
N20003696,NI data zone,554,7,4,4,0
N20003697,NI data zone,545,7,0,8,0
N20003698,NI data zone,598,8,0,1,1
N20003699,NI data zone,463,1,0,0,1
N20003700,NI data zone,612,1,1,7,0
N20003701,NI data zone,541,3,0,2,0
N20003702,NI data zone,323,0,0,0,0
N20003703,NI data zone,385,4,1,0,4
N20003704,NI data zone,508,10,0,1,1
N20003705,NI data zone,448,5,1,6,0
N20003706,NI data zone,390,8,0,13,0
N20003707,NI data zone,356,7,4,7,0
N20003708,NI data zone,661,9,0,0,1
N20003709,NI data zone,595,0,0,7,2
N20003710,NI data zone,224,1,0,1,1
N20003711,NI data zone,216,6,0,3,0
N20003712,NI data zone,620,0,4,4,4
N20003713,NI data zone,270,8,0,0,0
N20003714,NI data zone,641,20,1,14,0
N20003715,NI data zone,264,3,0,1,1
N20003716,NI data zone,568,11,0,4,1
N20003717,NI data zone,450,5,4,6,1
N20003718,NI data zone,412,7,5,13,2
N20003719,NI data zone,728,4,0,0,2
N20003720,NI data zone,457,7,0,3,1
N20003721,NI data zone,416,1,0,1,0
N20003722,NI data zone,432,5,0,0,0
N20003723,NI data zone,352,1,0,0,1
N20003724,NI data zone,314,0,0,0,1
N20003725,NI data zone,574,2,4,13,1
N20003726,NI data zone,320,1,0,1,2
N20003727,NI data zone,341,0,0,0,0
N20003728,NI data zone,656,7,0,0,0
N20003729,NI data zone,615,1,1,1,1
N20003730,NI data zone,425,0,2,4,2
N20003731,NI data zone,384,2,0,0,2
N20003732,NI data zone,485,0,0,4,0
N20003733,NI data zone,481,1,5,4,0
N20003734,NI data zone,690,0,2,1,1
N20003735,NI data zone,541,1,1,1,1
N20003736,NI data zone,327,0,1,1,0
N20003737,NI data zone,381,1,0,1,0
N20003738,NI data zone,627,1,3,0,0
N20003739,NI data zone,761,10,1,5,0
N20003740,NI data zone,481,1,0,0,3
N20003741,NI data zone,434,0,1,0,0
N20003742,NI data zone,372,0,0,1,0
N20003743,NI data zone,700,4,1,4,0
N20003744,NI data zone,394,3,4,0,0
N20003745,NI data zone,429,2,0,8,0
N20003746,NI data zone,462,6,3,0,0
N20003747,NI data zone,480,0,1,5,0
N20003748,NI data zone,383,1,0,0,1
N20003749,NI data zone,360,0,2,0,1
N20003750,NI data zone,442,0,1,0,1
N20003751,NI data zone,377,2,0,5,0
N20003752,NI data zone,377,0,0,0,0
N20003753,NI data zone,432,2,0,1,0
N20003754,NI data zone,486,0,0,1,2
N20003755,NI data zone,479,0,1,0,0
N20003756,NI data zone,539,1,0,4,0
N20003757,NI data zone,651,6,0,1,2
N20003758,NI data zone,747,0,0,3,0
N20003759,NI data zone,405,3,0,1,0
N20003760,NI data zone,439,2,0,1,0
N20003761,NI data zone,631,1,0,5,0
N20003762,NI data zone,368,1,0,3,0
N20003763,NI data zone,501,0,0,0,0
N20003764,NI data zone,363,0,5,0,0
N20003765,NI data zone,356,0,0,2,1
N20003766,NI data zone,714,0,1,0,1
N20003767,NI data zone,365,0,0,3,0
N20003768,NI data zone,462,0,1,0,2
N20003769,NI data zone,475,0,0,0,0
N20003770,NI data zone,373,1,1,2,0
N20003771,NI data zone,716,0,1,7,5
N20003772,NI data zone,502,1,0,5,0
N20003773,NI data zone,725,1,1,3,0
N20003774,NI data zone,420,1,0,0,0
N20003775,NI data zone,593,1,1,2,1
N20003776,NI data zone,449,0,0,0,0
N20003777,NI data zone,446,1,0,1,0
N20003778,NI data zone,430,0,0,0,0
N20003779,NI data zone,440,4,1,1,1
N20003780,NI data zone,440,5,0,1,1
